-- phpMyAdmin SQL Dump
-- version 5.2.1
-- https://www.phpmyadmin.net/
--
-- 主機： 127.0.0.1
-- 產生時間： 2025-03-05 09:55:36
-- 伺服器版本： 10.4.32-MariaDB
-- PHP 版本： 8.2.12

SET SQL_MODE = "NO_AUTO_VALUE_ON_ZERO";
START TRANSACTION;
SET time_zone = "+08:00";


/*!40101 SET @OLD_CHARACTER_SET_CLIENT=@@CHARACTER_SET_CLIENT */;
/*!40101 SET @OLD_CHARACTER_SET_RESULTS=@@CHARACTER_SET_RESULTS */;
/*!40101 SET @OLD_COLLATION_CONNECTION=@@COLLATION_CONNECTION */;
/*!40101 SET NAMES utf8mb4 */;

--
-- 資料庫： `bark_bijou`
--

-- --------------------------------------------------------

--
-- 資料表結構 `course`
--

CREATE TABLE `course` (
  `id` int(11) NOT NULL,
  `method_id` int(11) NOT NULL,
  `name` varchar(255) NOT NULL,
  `content` text NOT NULL,
  `cost` float NOT NULL,
  `location_id` int(11) NOT NULL,
  `course_start` date NOT NULL,
  `course_end` date NOT NULL,
  `registration_start` date NOT NULL,
  `registration_end` date NOT NULL,
  `valid` tinyint(1) NOT NULL
) ENGINE=InnoDB DEFAULT CHARSET=utf8mb4 COLLATE=utf8mb4_unicode_ci;

--
-- 傾印資料表的資料 `course`
--

INSERT INTO `course` (`id`, `method_id`, `name`, `content`, `cost`, `location_id`, `course_start`, `course_end`, `registration_start`, `registration_end`, `valid`) VALUES
(1, 1, '狗狗基本服從訓練課程', '教授基本的狗狗服從指令，如坐下、停等、來這等指令', 3500, 2, '2025-02-01', '2025-02-05', '2025-01-01', '2025-01-05', 1),
(2, 2, '高級犬隻行為調整課程', '專注於調整狗狗的行為問題，如攻擊性、焦慮等', 12800, 1, '2025-04-10', '2025-04-14', '2025-03-25', '2025-04-05', 1),
(3, 1, '小型犬社交化訓練課程', '讓小型犬學會與其他狗狗以及人類的良好互動', 5500, 3, '2025-04-08', '2025-04-12', '2025-03-22', '2025-04-01', 1),
(4, 1, '進階嗅探訓練課程', '訓練狗狗進行高階嗅探技能', 8500, 4, '2025-04-01', '2025-04-07', '2025-02-24', '2025-03-07', 1),
(5, 2, '犬隻服從訓練專家課程', '深入教導高級服從訓練技巧，如遠距離指令執行', 23800, 5, '2025-04-15', '2025-04-19', '2025-03-30', '2025-04-10', 1),
(6, 1, '基礎狗狗關係建立課程', '訓練飼主如何與狗狗建立信任並增進彼此關係', 4500, 2, '2025-04-20', '2025-04-25', '2025-04-05', '2025-04-15', 1),
(7, 1, '輕鬆學習狗狗日常指令課程', '針對日常生活中所需指令進行基礎訓練', 6800, 3, '2025-05-10', '2025-05-14', '2025-04-20', '2025-04-30', 1),
(8, 2, '高級嗅覺追蹤訓練課程', '訓練狗狗進行更高難度的嗅覺追蹤和定位任務', 9500, 4, '2025-05-12', '2025-05-16', '2025-04-22', '2025-05-02', 1),
(9, 1, '狗狗正向訓練課程', '教導狗狗正向行為訓練技巧，增進狗狗與主人關係', 7100, 5, '2025-03-10', '2025-03-17', '2025-03-01', '2025-03-07', 1),
(10, 2, '高級狗狗訓練師課程', '訓練成為專業的狗狗訓練師，教授各種專業技巧', 15800, 1, '2025-03-10', '2025-03-14', '2025-02-17', '2025-02-20', 1),
(11, 1, '犬隻行為與心理學課程', '介紹犬隻行為學，教導如何解決狗狗的行為問題', 9900, 2, '2025-04-01', '2025-04-06', '2025-03-10', '2025-03-25', 1),
(12, 1, '犬隻護理與照顧課程', '教授如何照顧和維護狗狗的健康，包括日常護理和疾病預防', 6500, 3, '2025-04-14', '2025-04-18', '2025-03-30', '2025-04-10', 1),
(13, 2, '狗狗專業訓練課程', '專業訓練犬隻解決各種問題行為，提升犬隻服從性', 12200, 4, '2025-05-05', '2025-05-09', '2025-04-18', '2025-04-28', 1),
(14, 1, '狗狗防衛訓練課程', '讓狗狗學會防衛技能，保護主人和家庭安全', 17400, 5, '2025-05-15', '2025-05-19', '2025-04-20', '2025-05-05', 1),
(15, 2, '初學者狗狗訓練課程', '針對新手飼主的訓練課程，教導基本服從技能', 3200, 2, '2025-03-01', '2025-03-05', '2025-02-10', '2025-02-20', 1),
(16, 1, '犬隻社交化訓練課程', '幫助犬隻學會與其他狗狗以及人類的社交互動', 5700, 3, '2025-04-03', '2025-04-07', '2025-03-17', '2025-03-25', 1),
(17, 2, '高級犬隻行為訓練課程', '針對狗狗的行為問題進行高階調整，解決焦慮、攻擊等問題', 13800, 4, '2025-03-17', '2025-03-21', '2025-02-24', '2025-03-07', 1),
(18, 1, '狗狗智力開發課程', '訓練狗狗進行各種智力遊戲，提升其學習能力和記憶力', 9100, 5, '2025-04-10', '2025-04-17', '2025-03-03', '2025-03-07', 1),
(19, 2, '犬隻攻擊性訓練課程', '針對有攻擊性傾向的狗狗進行行為調整訓練', 14500, 1, '2025-03-17', '2025-03-21', '2025-02-11', '2025-02-22', 1),
(20, 1, '狗狗運動訓練課程', '讓狗狗進行多樣化的運動訓練，增進身體健康', 7800, 2, '2025-04-07', '2025-04-11', '2025-03-03', '2025-03-07', 1),
(21, 2, '犬隻行為與反應課程', '了解犬隻的行為與反應，訓練如何引導和控制狗狗行為', 10500, 3, '2025-02-17', '2025-02-21', '2025-01-20', '2025-01-24', 1),
(22, 1, '犬隻口令訓練課程', '針對犬隻的口令訓練，提升其聽從指令的能力', 6400, 4, '2025-03-24', '2025-04-04', '2025-03-03', '2025-03-14', 1),
(23, 2, '犬隻多重技能訓練課程', '訓練狗狗多種技能，如帶球、跳躍等高階技巧', 12400, 5, '2025-04-07', '2025-04-18', '2025-02-24', '2025-03-07', 1),
(24, 1, '狗狗體能訓練課程', '增強狗狗的體能，讓牠們更加健康有活力', 9200, 1, '2025-04-07', '2025-04-18', '2025-03-10', '2025-03-21', 1),
(25, 2, '犬隻遠距離服從訓練課程', '訓練狗狗在遠距離下仍能準確執行指令', 13700, 2, '2025-03-31', '2025-04-04', '2025-03-17', '2025-02-28', 1),
(26, 1, '狗狗行為觀察訓練課程', '教導飼主如何觀察和理解狗狗的行為模式', 5400, 3, '2025-03-31', '2025-04-11', '2025-03-03', '2025-03-21', 1),
(27, 2, '犬隻領域訓練課程', '幫助狗狗了解自己的領域，並訓練其如何與其他狗狗互動', 8700, 4, '2025-04-07', '2025-04-18', '2025-03-03', '2025-03-14', 1),
(28, 1, '狗狗治療性訓練課程', '訓練狗狗進行治療性行為，協助情緒和心理健康', 11500, 5, '2025-03-24', '2025-03-28', '2025-02-24', '2025-03-07', 1),
(29, 2, '犬隻反應訓練課程', '讓狗狗學會在各種情況下作出正確反應', 10500, 1, '2025-01-27', '2025-02-07', '2025-01-20', '2025-01-24', 1),
(30, 1, '狗狗接球訓練課程', '教導狗狗學會接球的技巧，增進狗狗的協調性', 6300, 2, '2025-02-10', '2025-02-21', '2025-01-06', '2025-01-17', 1),
(31, 2, '狗狗訓練基礎課程', '針對初學者，學習如何訓練和照顧狗狗', 4100, 3, '2025-02-03', '2025-02-14', '2025-01-06', '2025-01-10', 1),
(32, 1, '犬隻健康照護訓練課程', '了解犬隻的健康照護，包括飲食、運動等', 9500, 4, '2025-02-17', '2025-02-28', '2025-01-20', '2025-01-31', 1),
(33, 2, '狗狗放鬆訓練課程', '教授狗狗如何放鬆，減少焦慮和壓力', 7800, 5, '2025-02-03', '2025-02-21', '2025-01-06', '2025-01-24', 1),
(34, 1, '犬隻遊戲訓練課程', '透過遊戲讓狗狗學會指令和行為改變', 5700, 1, '2025-03-10', '2025-03-28', '2025-02-04', '2025-02-22', 1),
(35, 2, '犬隻心智開發訓練課程', '提升狗狗的心智能力和反應速度', 12400, 2, '2025-02-17', '2025-02-28', '2025-01-20', '2025-01-31', 1),
(36, 1, '狗狗追蹤訓練課程', '訓練狗狗學會追蹤物品或人物', 9500, 3, '2025-03-03', '2025-03-21', '2025-02-03', '2025-02-21', 1),
(37, 2, '犬隻繩索訓練課程', '教授如何利用繩索進行基本的服從訓練', 6700, 4, '2025-03-17', '2025-03-28', '2025-02-17', '2025-03-08', 1),
(38, 1, '狗狗生活指令訓練課程', '教導狗狗基本的日常生活指令，增進生活便利性', 7400, 5, '2025-04-07', '2025-04-18', '2025-03-03', '2025-03-23', 1),
(39, 2, '犬隻行為管理課程', '讓飼主了解如何管理和控制犬隻的行為', 10000, 1, '2025-03-17', '2025-03-28', '2025-02-10', '2025-02-28', 1),
(40, 1, '狗狗專業訓練技巧課程', '教授高階狗狗訓練技巧，適合有經驗的飼主', 13400, 2, '2025-08-20', '2025-08-24', '2025-02-10', '2025-02-14', 1),
(41, 2, '犬隻速成訓練課程', '讓狗狗在短時間內學會基本指令和行為規範', 6700, 3, '2025-04-21', '2025-05-02', '2025-03-31', '2025-04-11', 1),
(42, 1, '狗狗記憶力訓練課程', '訓練狗狗增強記憶力，學會更多的指令', 8300, 4, '2025-02-10', '2025-02-16', '2025-01-13', '2025-01-26', 1),
(43, 2, '犬隻領導訓練課程', '教授狗狗如何成為家庭中的領導者，強化自信', 11200, 5, '2025-03-03', '2025-03-16', '2025-02-03', '2025-02-16', 1),
(44, 1, '犬隻指令執行訓練課程', '讓狗狗學會準確執行各種指令', 5400, 1, '2025-09-03', '2025-09-07', '2025-03-03', '2025-03-16', 1),
(45, 2, '狗狗日常行為訓練課程', '強化狗狗在日常生活中的行為表現', 8700, 2, '2025-04-03', '2025-04-13', '2025-03-18', '2025-03-25', 1),
(46, 1, '狗狗遠程指令訓練課程', '訓練狗狗在遠距離的情況下仍能準確執行指令', 10200, 3, '2025-04-21', '2025-05-02', '2025-03-31', '2025-04-11', 1);

-- --------------------------------------------------------

--
-- 資料表結構 `course_img`
--

CREATE TABLE `course_img` (
  `id` int(11) NOT NULL,
  `image` varchar(255) NOT NULL,
  `course_id` varchar(255) NOT NULL
) ENGINE=InnoDB DEFAULT CHARSET=utf8mb4 COLLATE=utf8mb4_unicode_ci;

--
-- 傾印資料表的資料 `course_img`
--

INSERT INTO `course_img` (`id`, `image`, `course_id`) VALUES
(1, '1.jpg', '1'),
(2, '2.jpg', '2'),
(3, '3.jpg', '3'),
(4, '4.jpg', '4'),
(5, '5.jpg', '5'),
(6, '6.png', '6'),
(7, '7.png', '7'),
(8, '8.jpg', '8'),
(9, '9.jpg', '9'),
(10, '10.jpg', '10'),
(11, '11.jpg', '11'),
(12, '12.jpg', '12'),
(13, '13.jpg', '13'),
(14, '14.jpg', '14'),
(15, '15.jpg', '15'),
(16, '16.jpg', '16'),
(17, '17.jpg', '17'),
(18, '18.jpg', '18'),
(19, '19.jpg', '19'),
(20, '20.jpg', '20'),
(21, '21.jpg', '21'),
(22, '22.jpg', '22'),
(23, '23.jpg', '23'),
(24, '24.jpg', '24'),
(25, '25.jpg', '25'),
(26, '26.jpg', '26'),
(27, '27.jpg', '27'),
(28, '28.jpg', '28'),
(29, '29.jpg', '29'),
(30, '30.jpg', '30'),
(31, '31.jpg', '31'),
(32, '32.jpg', '32'),
(33, '33.jpg', '33'),
(34, '34.jpg', '34'),
(35, '35.jpg', '35'),
(36, '36.jpg', '36'),
(37, '37.jpg', '37'),
(38, '38.jpg', '38'),
(39, '39.jpg', '39'),
(40, '40.jpg', '40'),
(41, '41.jpg', '41'),
(42, '42.jpg', '42'),
(43, '43.jpg', '43'),
(44, '44.jpg', '44'),
(45, '45.jpg', '45'),
(46, '46.jpg', '46');

-- --------------------------------------------------------

--
-- 資料表結構 `course_location`
--

CREATE TABLE `course_location` (
  `id` int(11) NOT NULL,
  `adress` varchar(100) NOT NULL
) ENGINE=InnoDB DEFAULT CHARSET=utf8mb4 COLLATE=utf8mb4_unicode_ci;

--
-- 傾印資料表的資料 `course_location`
--

INSERT INTO `course_location` (`id`, `adress`) VALUES
(1, '線上無地點'),
(2, '桃園市中壢區中正路123號'),
(3, '桃園市龍潭區龍華街456號'),
(4, '桃園市桃園區建國路789號'),
(5, '桃園市大園區大園路101號');

-- --------------------------------------------------------

--
-- 資料表結構 `course_method`
--

CREATE TABLE `course_method` (
  `id` int(11) NOT NULL,
  `name` varchar(10) NOT NULL
) ENGINE=InnoDB DEFAULT CHARSET=utf8mb4 COLLATE=utf8mb4_unicode_ci;

--
-- 傾印資料表的資料 `course_method`
--

INSERT INTO `course_method` (`id`, `name`) VALUES
(1, '線上'),
(2, '線下');

-- --------------------------------------------------------

--
-- 資料表結構 `course_teacher`
--

CREATE TABLE `course_teacher` (
  `id` int(11) NOT NULL,
  `name` varchar(10) NOT NULL,
  `phone` varchar(20) NOT NULL,
  `course_id` varchar(255) NOT NULL
) ENGINE=InnoDB DEFAULT CHARSET=utf8mb4 COLLATE=utf8mb4_unicode_ci;

--
-- 傾印資料表的資料 `course_teacher`
--

INSERT INTO `course_teacher` (`id`, `name`, `phone`, `course_id`) VALUES
(1, '李大明', '0912345670', '1'),
(2, '王小華', '0923456781', '2'),
(3, '張靜怡', '0934567892', '3'),
(4, '陳佳雯', '0945678903', '4'),
(5, '林志明', '0956789014', '5'),
(6, '李婉婷', '0967890125', '6'),
(7, '劉家豪', '0978901236', '7'),
(8, '許瑞文', '0989012347', '8'),
(9, '黃怡君', '0990123458', '9'),
(10, '賴文雄', '0912234569', '10'),
(11, '陳美玲', '0923345670', '11'),
(12, '李國華', '0934456781', '12'),
(13, '劉青雲', '0945567892', '13'),
(14, '許佳怡', '0956678903', '14'),
(15, '張文鴻', '0967789014', '15'),
(16, '林怡君', '0978890125', '16'),
(17, '王曉霞', '0989901236', '17'),
(18, '黃思穎', '0991012347', '18'),
(19, '李俊賢', '0912345678', '19'),
(20, '劉珮玲', '0923456789', '20'),
(21, '李家銘', '0934567890', '21'),
(22, '陳彥儒', '0945678901', '22'),
(23, '林麗芬', '0956789012', '23'),
(24, '張宏宇', '0967890123', '24'),
(25, '劉美伶', '0978901234', '25'),
(26, '李家宜', '0989012345', '26'),
(27, '王俊達', '0990123456', '27'),
(28, '黃佩怡', '0912234570', '28'),
(29, '陳欣怡', '0923345681', '29'),
(30, '李政安', '0934456792', '30'),
(31, '林美玲', '0945567803', '31'),
(32, '張子君', '0956678914', '32'),
(33, '劉宛容', '0967789025', '33'),
(34, '黃志昇', '0978890136', '34'),
(35, '王慧萍', '0989901247', '35'),
(36, '李雨婷', '0991012358', '36'),
(37, '陳俊祥', '0912345789', '37'),
(38, '林志芳', '0923456790', '38'),
(39, '張莉萍', '0934567801', '39'),
(40, '劉志華', '0945678912', '40'),
(41, '黃美玲', '0956789023', '41'),
(42, '李慧心', '0967890134', '42'),
(43, '林俊宏', '0978901245', '43'),
(44, '陳麗娟', '0989012356', '44'),
(45, '王育群', '0990123467', '45'),
(46, '黃子豪', '0912234580', '46'),
(47, 'ABCDE', '0987654321', '47');

--
-- 已傾印資料表的索引
--

--
-- 資料表索引 `course`
--
ALTER TABLE `course`
  ADD PRIMARY KEY (`id`);

--
-- 資料表索引 `course_img`
--
ALTER TABLE `course_img`
  ADD PRIMARY KEY (`id`);

--
-- 資料表索引 `course_location`
--
ALTER TABLE `course_location`
  ADD PRIMARY KEY (`id`);

--
-- 資料表索引 `course_method`
--
ALTER TABLE `course_method`
  ADD PRIMARY KEY (`id`);

--
-- 資料表索引 `course_teacher`
--
ALTER TABLE `course_teacher`
  ADD PRIMARY KEY (`id`);

--
-- 在傾印的資料表使用自動遞增(AUTO_INCREMENT)
--

--
-- 使用資料表自動遞增(AUTO_INCREMENT) `course`
--
ALTER TABLE `course`
  MODIFY `id` int(11) NOT NULL AUTO_INCREMENT, AUTO_INCREMENT=47;

--
-- 使用資料表自動遞增(AUTO_INCREMENT) `course_img`
--
ALTER TABLE `course_img`
  MODIFY `id` int(11) NOT NULL AUTO_INCREMENT, AUTO_INCREMENT=48;

--
-- 使用資料表自動遞增(AUTO_INCREMENT) `course_location`
--
ALTER TABLE `course_location`
  MODIFY `id` int(11) NOT NULL AUTO_INCREMENT, AUTO_INCREMENT=7;

--
-- 使用資料表自動遞增(AUTO_INCREMENT) `course_method`
--
ALTER TABLE `course_method`
  MODIFY `id` int(11) NOT NULL AUTO_INCREMENT, AUTO_INCREMENT=3;

--
-- 使用資料表自動遞增(AUTO_INCREMENT) `course_teacher`
--
ALTER TABLE `course_teacher`
  MODIFY `id` int(11) NOT NULL AUTO_INCREMENT, AUTO_INCREMENT=48;
COMMIT;

/*!40101 SET CHARACTER_SET_CLIENT=@OLD_CHARACTER_SET_CLIENT */;
/*!40101 SET CHARACTER_SET_RESULTS=@OLD_CHARACTER_SET_RESULTS */;
/*!40101 SET COLLATION_CONNECTION=@OLD_COLLATION_CONNECTION */;
